userName,content
Uman Rukmana,"ribet mau cek tarif aja susah udah cape ngisi semua data klik tombol cek tarif keterangan layanan yang anda pilih tidak tersedia, semua pilihan possomeday, nextdaydn reguler sama aja hasilnya nihil. Sampah swasta aja jelas"
Eko Dwi Istiyanto,"Ya beginilah kwalitas BUMN di negeri ini, gimana negara ga rugi terus, sekedar ngirim paket dari grobogan ke Bekasi aja udah 5 hari ga sampe, padahal kalo pake produk swasta paling 2 hari sampe, kapok-kapok"
fanny skylar,2 kali beli paket pengiriman pake pos lama banget stuck stuck pos pengiriman deket aja kelamaaannnnnnnnnnn g usah pada pake dah daripada nyesel apalagi kalo beli beli hewan hidup
Steady Flashing,"Pelayanan PoS ID yang sangat lambat, lelet, kurirnya loyo, status pesanan sudah diantarkan ,masa sih sampai 3 hari ga sampai padahal cuma satu kota, alamat tidak ditemukan lah alasan klasik"
Erna Dwi,"apk yang tidak rekomendasi, pernah mau kirim lewat apk, tapi kecepatan pickup lama. untuk pengembalian dana sudah by email, datang ke kantor pos. Sampai saat ini tidak ada tindaklanjut untuk pengembalian dana saya, dan saya tidak dibantu. Malah sekarang di apk oleh cs paket sudah diterima. Padahal hal tersebut saya yang mengirim sendiri,karena kecepatan kurir yang tidak memungkinkan.saya meminta pengembalian dana, sampai saat ini tidak ada tindak lanjut.kurang rekomendasi dari segi pelayanan/apk"
Lady Lia,sangat tidak nyaman. kayaknya emang aplikasi nya gak bisa berfungsi semestinya. gak ada efek pas dipakai. udah pilih menu ini itu eh susah ahirnya paket gak di pick up. dan aneh pas batal order jg poin jd nol. trs menu lain yg di klik jg gak berfungsi semestinya. nyebelin install ini
Bucuk RZ,"info dari pos pengirim dan pos penerima paket berbeda²... pos pengirim bilang estimasi 7 hari, sudah 10 hari paket tak kunjung sampai. ditanya ke pos penerima, dibilang itu 3 minggu dan kesalahan pos pengirim memberikan info estimasi. LUAR BIASA."
Ranita Agrivina,resi aku sempat tidak kebaca di apps tapi kebaca di web tolong dibenahi min nyampe paketnya datang resi terus tidak terbaca di apps
Riyan Sahputra,"baru pertama pakai pos eh bisa2 nya paket saya salah kirim ke lokasi lain dan memakai 10hari ,gila bener ini .dikira paket dari luar negeri? dalam negeri bisa salah kirim cukup bintang yang bicara.lain waktu tidak saya pakai jasa pos"
Zulkarnaenadis 3,"nggak niat aplikasi ini sumpah sudah pakai sameday malah paket gak diambil2. komplain ke email juga malahan bilang orderan tidak terdeteksi, rugi sudah bayar lagi"
Ferry MV,"mau kirim paket dokumen dengan fitur pickup, tapi pas mau bayar gagal terus. padahal udah sesuai arahan dari aplikasi. pake QRIS juga keluar atau crash terus aplikasinya. tolong lah inu diperbaiki. karena akun saya belum bisa pakai fitur COD. terimakasih"
Yan Conspiracy,"tidak dapat utk cek no resi, justru via web malah bisa utk cek resi. Ga' sinkron antara aplikasi dg web..."
Jakoy,"ga bisa cek no resi ga jls paket ntah k mana dan ga ada no yg bisa d hubungin, nyesel kirim pake pos"
titi nasarudin,"Pelayan penerimaan paket kurang memuaskan apalagi di daerah2 pedesaan, pengambilan paket perpindah tanpa konfirmasi ke customer ( terkhusus Kantor POS WEDA di hal-teng, karyawannya harus aktif dalam menginformasikan lokasi pengambilan paket apabila berpindah titik pengambilan, Petugas yg sedang pengantarkan paket di telp2 tapi tidak ada inisiatif untuk mengangkatnya... Apalagi sekarang sudah banyak saingannya.... pengirimannya lama sekali sudah lewat 6 hari dari estimasi tgl tibanya."
Copy Paste,Tolong supaya aturan kepada kurir diperketat. Alasan kurir tidak mau mengantar ke alamat tujuan. Tiap kali status resi antaran berjadwal pasti ujung ujungnya selalu retur. Kita itu bayar ongkir buat dianter ke alamat tujuan bukan disimpan digudang terus retur. Saya seller kebanyakan selalu begini. Kalau JNT jika kurir bingung pasti hubungi penerima/pengirim Pos payah tidak ada yang dihubungi salah satu tiba tiba udah retur
fahrul ndn,"apk gak jelas, masa registrasi gabisa, padahal nomor &email udah masuk, dan udah isi pin juga tapi gabisa masuk cuma loading muter²doang, udah coba logout tetep aja malah jadi eror anehh"
Ade Zahra,"sengaja download,dftr/registrasi dll.giliran masuk lg aneh slh pin,jlz"" itu pin yg bnr,,,,d klik lupa pin masukin no.masukin email bilang y slh.aneh super aneeeeeeh"
Rahmat Hidayat,"gk ada tombol masuk akun, yg ada pulihkan akun, pas udah di masukin no. sama email ttp gk bsa, trus log in nya gmna"
Cepot,"pengiriman bayar yg 30 ribu lebih, paket nya cuma muter2 di jakarta barat dari jam 13.12.42 s.d sekarang saya ketik ini,, ongkir mahal paket ga sampai sampai paketnya,"
Abdul Kamal,pengiriman kantor pos selalu melewati batas estimasi bahkan lebih parah. aplikasi mau login semua lemot responnya padahal mau login aja.
Satrio Dimas Prayudho,"Aplikasi apa ini wkwkwk daftar aja gabisa, otp ga kekirim padahal udah beberapa kali resend otp. udah gitu cari no resi hasilnya not found terus, padahal kalo lewat web datanya ada."
Dumpster 2,aplikasi sampah. tidak bermutu. tidak bisa cek resi. tidak transparan soal uang kiriman paket yg sudah masuk atau belum karena tidak ada riwayatnya. sungguh mengecewakan
Treza Aradea,"penurunan pelayanan, sbelumnya bisa terlihat foto yang menerima kiriman, skrg sudah tidak bisa. dan suka ada oknum kurir yang mengirim paket tidak sesuai alamat tapi diselesaikan seolah olah diterima, padahal jika memang alamat tidak ditemukan mohon d returkan saja"
Onic Kairi,buruk sekali pelayanan pos indonesia barang tidak cepat dikirim pdahal sudah 1 kota kalo tidak bisa profesional gulung tikar aja
Kus Wandi,aplikasi apaan bukti paket diterima aja ga ada paket ga nyampe penerima ga jelas sekarang malah gabisa dibuka alasan server error aneh
hartono mathovani,"kurirnya kurang profesional, kalah jauh sama ekspedisi swasta, kirim dokumen satu kota saja tiga hari belum sampai, alasan alamat tidak ketemu, sungguh aneh"
Nepi Depi,"Pada baguan pembayaran qris selalu keluar sendiri dari apk, sudah dicoba bbrp kali hasilnya sama gak bisa nampilin qr qris huhu, semoga kedepannya lebih baik lagi, kyk aplikasi pengiriman sebelah hehe"
Nia Suprianti,ini gimana ya pos saya mau pulihkan aku n saya dan smpai sekarang kode vervikasi nya tidak masuk ke WA maupun SMS 🥲
Alip Darmawan _3D,"tidak bisa registrasi, padahal nomor sudah benar, aktif,l dan terdaftar. muncul popup warning network alert padahal koneksi internet tersambung, berjalan, dan lancar. tolong kasih solusi."
Dandy Pratama,sekelas BUMN aplikasinya seperti ini😅 registrasi aja error terus token tidak muncul (Via Whastapp / SMS) sudah ganti nomor juga gak muncul.. payah sekali👎
Mascenk,"udah dua kali pake jasa layanan kantor tapi sangat mengecewakan masa ngirim barang udah 12 hari kaga nyampe lemot banget nyesel banget asli sumpah terakhir ini saja make layanan kantor pos buat kalian coba pikir"" dulu untuk pake jasa kantor pos sebelum kecewa. bukanya di benahi kecepatan pengiriman tambah kesini tambah seenak jidatnya kaya gak punya rasa tanggung jawab."
S Indah Lestari,"aplikasi ini sebenernya bagus dan cukup membantu pengiriman paket tetapi saat dipilih pembayaran qris dan klik tampilkan kode qris aplikasi selalu logout trus,begitupun pembayaran sepertinya harus dari bank plat merah saja.mungkin bisa dibantu develop nih tim IT nya biar tidak menyusahkan penggunanya"
bony boo,"pengiriman paling lelet sangat mengecewakan padahal paket udah nyampe di kota tujuan tapi malah di simpan di gudang berhari"" bukan malah di antar ke alamat cukup sekali ini aja pake layanan kantor poss sumpah nyesel banget"
Thania Agustin,"aplikasi yang aneh minta di picup malah gak dateng"" akhirnya ke kantor posnya malah suruh bayar lagi dengan harga yang sama kalau mau kirim barangnya rugi dong kalau gini dan dana yang udah dibayarkan di aplikasi gak balik beda sama ekspedisi yang sebelah gak kaya gini"
Beruang Madu,"apakah biasa loading tidak jelas saat masuk ke aplikasi, hanya untuk cek resi tidak bisa dicek. tolong diperbaiki lagi aplikasinya. terimakasih"
J Prasetyo,"Pulihkan Akun tidak bisa, Kode OTP gak masuk di SMS maupun WA walaupun kirim ulang 100x. Buat akun baru nomer telpon baru sudah bisa pas masuk log in internal error, akun & pasword gak di temukan. BUMN kok kek gini."
Dearna,"jangan berharap lebih kode otp udah masukin bener katanya salah pin udah masukin bener katanya salah mau cek resi ""tidak ditemukan"" serius apa enggak bikin aplikasi ini?"
jamarr jr,"nyesel pake jasa ini ,,barang kaga sampe² saran buat kalian kalo narang yg dikirim penting dan urgen mending yg lain aja"
tasya ayunda,"aplikaainya bagus, hanya saja kalau kalau pagi sampai sore susah sekali create data tulisan baner gagal mlulu, gg sembuh2 giliran bisa, kantor pos nya dah tutup... jadi ya kiriman nya pending jadi 2 hari"
Sondi Yusuf,Tidak ada fitur login. Mau pulihkan akun tapi kode verifikasi tidak dikirim. Registrasi pakai nomor lain juga kode verifikasi tidak masuk
muk ijun,"aplikasi apaan ini ??? mau daftar ny aja ga bisa2, udah 20 kali lebih minta kirim kode verfikasih tapi gada masuk2 juga kode ny"
Gelfin Elvano,mau daftar aj susah no verivikasi nya ndak dikirim ke WhatsApp. aplikasi apaan gini udh pengiriman nya kaya hp mentok logoo😡
Nadia Anggraeni,"paket saya di apk jam 2 siang sudah otw diantar kerumah, tapi sampe jam set 8 malam belum juga datang,padahal pake pengiriman yang 1 hari nyampe"
Boaz Franco,aplikasi apa ini mau tracking paket aja susahnya minta ampun udh nyoba call center malah gak di respon itu paket udah saya bayar malah gini pelayanan nya
Ajat Sudrajat,"begini amat kualitas BUMN ya..... modalnya kan pake duit rakyat, pantesan BUMN rugi mulu, d saat sektor swasta bersaing ketat, ini malah jalan d tempat. tutup aja, mending buat hal lain yg lebih manfaat....."
Agustina Haryati,"susah di hubungin gak kayak jasa pengiriman lain ada chat untuk bertanya dan pengabdian, di telfon tidak ada jawaban layanan"
Agiel Prastica Adhi,"Jasa aneh, resi dicek di aplikasi udah sampai kantor administrasi tapi ditunggu sampai 4 hari, barang ngga sampai rumah trus mau cek resi lewat apk keterangan ""Error"" nyesel milih jasa ini"
kambing Bagus8,"Aplikasi paling jelek yang pernah saya temui, login sering eror, fitur ngga jelas, cs nya hanya telpon dan email itupun responnya lama, FAQ nya cuman singkat, jelek lah intinya"
Eko Setyono,"kocak banget.. regritasi masukin nomor telpon. biar dapwt kode otp.. kode otp sudah dapat terus saya masukin malah muncul keterangan kode tidak valid.. membagongkan. di coba beberapa kali minta otp ulang tetep tidak valid. lucu banget nih aplikasi.. lu yang kirim kode, giliran di gunakan kok tidak valid aneh."
Ady Magica,"kalo blom bisa bkin aplikasi, mending hapus aja. paket 2 hari gk dikirim2. pesanan sdg di antar tpi smpe skrg blom ada juga. itu kurir nya nganter apa gak. setidak nya kan bisa di tlp. nmor hp kan ada di paket nya buat di hubungi"
Mbak Milu,aplikasi kurang lengkap chat center nya apa LG bagian pelayanan kurang di daerah punggaluku Sultra Konawe selatan Return paket tanpa informasi .
Remon Cruy,"nyesel pake jasa pos ini ,barang saya gak sampai"" ! giliran di cek resi ,status lagi pengantaran lokasi tetapi gak sampai. sehabis itu pasti keluar Alamat tidak di ketemukan oleh kurir ...sampe 4x ganti nama kurir masa gak ada yg bisa nemuin alamat saya ,padahal disitu ada tulisan besar ...apa jangan"" kurir sama karyawan nya pada goblok gak bisa baca !!!"
Jael Siraru,"Apk tertolol menurut gw ya ini, PosAja, kenapa gw bilang tolol? karena pas daftar dan masukin nomer handphone buat dapetin kode otp, kode otp masuk lewat wa, tapi pas gw masukin kodenya malah invalid kode dong. kocak emang..🤣"
Al Anwar,"pelayanan pengiriman paket via kantor pos sangat sangat sangat jelek sekali. ayah saya ngirim barang dari kampung dg biaya hampir setengah juta, pas datang barang rusak total. sedih sekali dg pelayanan pos indonesia."
Albert Denion,"Gajelas padahal dirumah selalu ad orang tapi status pengiriman nya ""paket akan diantar ulang karena rumah kosong"" bilng aja kurirnya pemalas gamau antar pake alasan rumah kosong segala"
Galih Fitria,"sudah order, tp tidak di pick up selama 3 hari, akhirnya datang langsung ke tempat, dan buat orderan baru, order yg di app saya minta cancel tp ongkos kirim gk dikembalikan, aplikasi isinya juga kosong banget, tidak lengkap, tidak jelas!"
Ilham Maulana,"pengiriman buruk, saya minta postnext day namun datang terlambat. kurir nya memberikan alasan yang tidak jelas dan tidak profesional. next saya tidak akan menggunakan lagi jasa pengiriman dari kantor pos ( pos aja ) karena banyak feedback buruk juga dari user lain"
Imam Petrucci,"aplikasi sampah 😂🤣 cek resi responnya selalu ""internal server error"". jd harus cek lewat website pos indonesia lngsng.. giliran d website d suruh download apk ini untuk lbh mudah 🤣😂.. emg produk buatan negara ini banyak yg g beres"
Riyan Purnomo,"gangguan terus, ada pengirim dari Samsat Lampung Timur ke bandar Lampung ga sampe², gaada pemberitahuan apa² dari pihak pos indonesia, minimal kirim pemberitahuan lewat email ."
Susilo Susilo,"awal awal pakai aplikasi ini lancar,, tapi akhir2 ini,, payah Barang tidak dikirim ke penerima, padahal alamat sudah jelas nomer WA sudah jelas,, eh giliran barang diambil sendiri ke kantor pos,uang CODnya tidak kunjung di stor ke pospay,, payah payah payah,,, lemot sel emotnya,,"
Meylan Dawola,"Aplikasi tidak lengkap,kebanyakan bermasalah,history pengiriman seharusnya lengkap,walaupun order telah di batalkan...Terus gimana pengembalian dana yg sudah di bayarkan di kembalikan?"
Saeful Pratama,bobrok sekali perusahaan sekelas BUMN tapi ngurus pegawai terutama KURIR yang selalu dan terus jadi permasalahan. masa iya si kurir pos Indonesia gk bisa ngejalanin SOP kerja yg bener. nganter paket gk pernah konfirmasi ke penerima. status paket sudah di terima tapi gk ada yg merasa menerima paket.!
Aqila Gunawan,absurd bngt ini aplikasi sekelas BUMN tapi prett bnget nunggu kurir jemput paket bisa sampe seharian gak datang padahal udah bayar Virtual account parahh bngt
Nadia Munajat,"aplikasi sudah baguss, tapi ada kendala saat melacak nomor resi kiriman. tolong diperbaiki aplikasi agar tidak error lagi, terimakasih 🙏🏻"
tamara maylyana,lihat bukti diterimanya emang se lemot ini ? bahkan sampe ga keliatan gambarnya :')) udh dicoba berulang kali. tolong diperbaiki ya 🙏
tjhang 11,"buang2 duit pemerintah saja perihara bumn seperti ini kerja ga jelas urusan kirim paket saja ga jelas,paket sudah 2minggu tidak jelasan kemana itu paket laporan tidak perna ada balasan"
taufik hidayat,fitur customer service / pengaduan tidak online ....harus menhgunakan kuota telp ....email tidak di respon ...pantes BUMN gak maju2 ....seburuk2 nya ekpedisi SWASTA masih lebih baik di banding POS INDONESIA !!!
Toko dianles,"tidak bisa registrasi, keterangan nya selalu kode otp tidak valid padahal yg di cantumkan sudah sesuai dan belum melebihi durasi yg diberikan. mohon bantuannya untuk perbaikan proses registrasi nya. terimakasih 🙏"
Razaky Razak,Susah daftarkan Akunnya.. Masa kita mau datftar Akun Tidak bisa2 di pakai kode otpnya.. padahal waktu belum hasis.. Tulisan nya tidak valid melulu.. tolong di perbaiki
Enjum ahay,"pengirimanya lama, udh minta yang sehari nyampe,malah alesan rumah kosong , udh di tunggu dari pagi smpe mlm ga ada tuh yg gedor2 pintu paket. mls bngt ga dapet garansi telat kirim lgi"
syaiful anwar791,"gimana mau maju pos indo,saingan banyak tp kualitas kurir sangat buruk.ada kurir yg bernama eri susanto (pos kawasan MM2100 )tiga hari membuat laporan bahwa rumah saya kosong jadi di antar ulang selama tiga hari .saya punya bukti.silahkan pihak pos konfirm saya klo merasa tidak terima"
Dinawahyu Safitry,"kenapa ngga bisa registrasi ya? pdhal nomor aktif,kode tidak valid semua, bahkan yg ngirim no kode lewaat wa nomor nya beda"""
Anggar Kuncoro,cok aplikasi eror terus sama aja seperti pospay mau bayar ongkir 8 ribu aja gagal terus tulisab saldo tidak cukup pdahal saldo saya 10 ribu
MGR _,"Masa dari jam 2 siang sampe jam 7 rumah belum ditemukan, malah antar ulang hari besoknya wah kecewa sih harusnya tgl 4 estimasi paling lambat malah ngendor di tgl 5 ffffaqqq"
K G,"bukti indonesia belum siap menghadapi digitalisasi. Saya udah isi udah order sampe berkali kali, itu juga kadang ada alert internal server error. Terus pas mau bayar malah gak bisa tampilkan QR, selalu force close. Gimana sih ini developer nya, udah mah tombol selesai nya di belakang tombol kembali. Bisa ngoding gak sih? Curiga aplikasi nya dibikin pake drag n drop doang ini mah"
Angga Supriyadi,"pelayanan sangat lamban! barang dari jakarta utara ke tangsel saja sudah 5 hari belum sampai masih muter saja dari depok balik lagi ke jakarta utara, jam 10 malam ini baru dikirim lagi dari hub jakarta utara entah sampai jam 5 subuh ini belum ada kejelasan lagi barang dikirim kemana. jakarta tangsel saja butuh waktu berapa hari? lebih baik fokus di pengiriman dokumen saja jika belum sanggup membuka jasa ekspedisi barang"
Qiyozer,sangat tidak rekomended. ah pokonya paling parah gila sih ini. sama sama bandung tapi nggak bisa aner si kurirnya bingung soal alamat. parah sih ini
RIDHO BUKHORI,"kebanyakan kurir bermasalah, paket tidak dikirim ke lokasi yang sudah tertera di alamat. malahan ditaruh di tempat yang tidak tau lokasinya. dan kurir nya tidak pernah konfirmasi."
Robert Sumigar,"Awal pertama menggunakan jasa Pos Aja saya sdh kecewa😔 dan trjadi lagi d hal yg sama pd saat sya mncobanya kembali di ke 2X-nya😢.,saya brjanji tdk akan menggunakannya lgi jasa Pos Aja ini sampai kapanpun😡, krn ""Pos Aja"" tdk profesional dlm mengerjakan tugas2nya sbgmna xg d harapkan.🤬"
Ayu Laras,"pengalaman tidak menyenangkan pos mengecewakan pelayanan lambat sekali sekelas pos tidak tau alamat padahal sering kirim paket via pengiriman lain di alamat yang sama sampai, pos ga sampai-sampai"
Maulida Mentari,"ga bisa chat cs aneh,, mau mau tanya paket saya kok belum sampai jadi susah nyesel pake pos lelet banget"
Ani Prastio,"paket gw belum nyampe nih eatimasi hari ini ,mau liat bukti di terima aja muter"" doank, pdhl kuota gw banyak njir masih 80 gb,"
Indra Lesmana,"Baru pertama pakai aplikasi ini resi gak gak bisa di lacak dari apk nya, Harus di lacak lewat web, intinya Buat reselleer Jangan dowload apk ini"
dwifajar Septian,"Gimana ini kantor pos GK ngabantu banget kiriman saya di batalin uangnya belum di balikin,,Tolong dong admin posaja bantu saya kalo bisa ngabantu,Saya chatt csnya malah jadi off GK tau di blokir wa saya nya,, dari awal februari sampe sekarang duit gua kagak balik"
Teguh Purwanto,"Akhir akhir ini banyak kurir bermasalah. COD tidak kunjung disetorkan, Alamat sudah tertera jelas namun tidak kunjung diantar, dll CS harus bisa lebih tegas supaya pos tetap berkembang"
zhaa __,"BUMN kok sering lola ini apk , ga enak bgt buat jualan onlime sprti saya , pas banyak yg nanya ongkir lemot bahkan ga bisa dibuka"
Rizal NurHuda,"Kasih bintang 3 dulu, soalnya paket masih blm sampe udh hampir seminggu, pdhl pilih pengiriman express. paket udh sempet dikirim, cuma pengiriman pertama ""Alamat blm ditemukan"" dan pengiriman kedua alasannya ""Rumah Kosong"". Padahal rumah selalu ada orang, dan kalaupun kosong kan bisa titip ke tetangga. Dan sama sekali ga ada chat, padahal nmr saya jelas dan ada wa nya"
luffy morley,"verifikasi kode ga valid, la maksudnya gimana bujang? yg kasi kode kan sistem lu. gue cuman masukin. tapi ga valid. terus pake kode apa? kode togel?"
Encun Sunardi,"kurir 2 kali gagal antar karena alamat tidak ditemukan,yang kedua melebihi jam operasional...Tolong untuk kurirnya.sebelum berangkat susun dulu yg rapih peralamat biar enak ngirimnya."
Ramdhani Prastyo Adhi,"ini gimana sih paket lama banget sampainya? dijanjiin besok sampai, eeh 4 hari baru datang. mana susah di tracking paketnya karna aplikasinya masih sering error."
Apem Basin,"Aplikasi yang tidak pro dengan masyarakat Indonesia, di masyarakat masih banyak yang pakai HP android 9 bahkan android 8, tapi aplikasi ini mengharuskan menggunakan android 10 ke atas wkwkwkwk"
Rahmat channel,lah aplikasi TOL** mau masuk nunggu kode verifikasi sudah ada kodenya selalu invalid code terus. terus aja sampe kiamat begitu. aneh dasar aplikasi BUMN gada yg bener
sang anel,"pengiriman harus sesuai jadwal.. pengiriman 3 hari, ditunggu 10 hari belum datang... harus profesional lagi... kasian yang menunggu berkas penting"
S A R,"biaya kirim di aplikasi sama loket kok gak sama ya, aq liat di aplikasi harga 22.000 tpi kenapa kok di loket kantor posnya bisa kena 26.000"
Nanda Aprianingsih,"sangat di sayangkan baru pertama kali coba kirim surat pakai pos padahal sudah 7 hari baru di kirim setelah di cek, terus kemarin kemarin kemana aja baru di kirim setelah 7 hari😌"
Agreny Roringpandey,"baru pertama kali coba, tapi agak kecewa. setelah melakukan order pickup dan sudah bayar, di aplikasi tidak ada sarana untuk mengetahui kapan waktu pickup dan harus kontak cs, tapi cs pun tidak dapat melacak order harus menggunakan informasi dari pelanggan. bahkan proses lewat cs pun tidak bisah akurat. minta tolong untuk di perbaiki kedepannya, biar produk Indonesia terlebih BUMN di percaya masyarakat🙏"
My Chocolate,jgn pernah instal aplikasi ini !!! pernah ngirim paket gagal pick up resi jg hangus.. dsuruh input yg baru kirain pake uang sblmnya.. eh tau2 bayar lagi.. dah gtu uang yg sblmnya dr resi yg gagal pick up entah kemana.. dsuruh ke kantor pos terdekat.. bolak balik sama aja nihil katanya mau dtrf balik... bobrok BUMN aplikasi ini tdk ada u uang refund.. jg coba2 klo uang anda ga mau hilang.. dah 1 bulan ga ada kejelasan tiap tlp atau dtg ke gerai..
surabaya green,"paket saya dikirim ke orang lain tanpa konfirmasi. status paket sudah diterima yg bersangkutan padahal saya ga nerima apa2. liat bukti diterima ga bisa dibuka, aneh.. ditulis penerima namanya nur. padahal anak istri saudara dan orang sekitar ga ada namanya nur."
D_ Wahyudi,"niat hati bikin SIM dikirim lewat pos eh malah zonk haruskah tgl 31 spi sya tgu spi tgl 1 blm jga di kirim ,akhir nya tgl 2 sya ambil sendiri ke kantor pos,jadi sya rugi sekitar 30rb an."
Jack,"Aplikasi rusak. Dimasukkan resi pada aplikasi, data tidak valid. Lacak menggunakan website bisa. Ngabisin duit ini aplikasi. Stop pakai pos lah."
Abdul Hadi,"wa tolong dicantumkan per daerah biar jelas pemesanan konsumen. rugi konsumen karena pembayaran telah dilakukan, duit tak kembali dan pembatalan tak bisa."
Ratna Juwita,no wa tolong cantumkan biar jelas pemesanan konsumen. dah rugi pembayaran namun barang tak ada dikirim dan pembatalan tak bisa.
rizz,ngirim pakett kok berhari hari. padahal udah deket bngt tinggal anter ke alamat penerima aja lama bngtt. sekelas posAja ternyata gini wkwk mending j&t/jne lebih terpercaya ada nomor kurir dan paket di lokasi mana bisa tau.
Ifa Sujarta,"pengiriman paket lewat pos sangat lambat sekali, kalah dengan pengiriman dengan yg lain. untuk ke 2 kalinya paket sy selalu terlambat, dan jg untuk kuringnya MLS untuk antar dengan alasan batasan sdh habis besok akan dikirim ulang. yg akhirnya paketnya makanannya menjadi basi, TDK dpt tepat waktu sampenya paketnya. nyesal sy pengiriman paket pake POS"
Yogi R Syukri,"kacau bgt ini pos indonesia. suruh bayar, dikirimin link di wa tapi gak bisa di bukak.!!! coba instal app pos indo buat bayar tagihan, pas login ""oppps"" yg keluar. gak ada solusi gak ada obat sakit semua kalian wahai instansi plat merah tapi gak pernah memberi pelayanan yg baik.. BOBROK"
Sinta Claudia,saya kirim gmail dari kemaren belum juga dibales kirim paket sampai 8 hari ke kalimantan lacak resi tidak ada update tetap di tanggal 12 gilaa gak ada kejelasan gak ada penjelasan padahal orang butuh uangnya
Rohani Rohani,"ini gimana sih pos Indonesia sekarang semakin kacau, masak dicek resi kok katanya paket sudah diterima oleh yang bersangkutan, padahal sy blom ada trima paket apapun. KACAU, SUDAH TIDAK AMANAH POS INDONESIA"
Ardian Iyan (Iyan),masa ngirim dari bengkulu selatan ke pesisir selatan SUMBAR bisa nyampe keliling ke palembang kota paketnya..padahal dari bengkulu selatan ke pesisir selatan itu satu arah...makin kesini makin parah POS indonesia pelayanannya..kecewa sudah 5 hari paket blom sampe ke tujuan..setiap cek resi pasti keliling ke provinsi lain.. sangat mengecewakan
Andalusia Lusi,padahal aku dari tadi di rumah loh tapi dibilang rumah kosong. aku tungguin dari pagi karna itu barang cepet basi. apa kalau ga cepet dibuka apa ga busuk kurma mudanya
Mahmun Zulkifli,"app loak, mau cek paket SIM, install app, setelah install daftar dikirim kode verifikasi lewat WA. Saya input kode verifikasi dijawab kode verifikasi tdk valid. Kesel kan. Tutup aja POS Indonesia, banyak pengiriman swasta yg pelayanannya jauh lebih baik."
Teuku Alvikar Jum Merdeka Oktavino,"ngirim paket exspres dari karawang menuju jakarta sampe sekarang belum nyampe!!! padahal exspres lohh bukan reguler!! ngirim paket tanggal 5 Juli, sampe tanggal 8 belum nyampe juga?? untuk pihak pos Indonesia wajib lah ngasih no hp kurir nya, biar saya bisa telfon kurir nya, biar bisa tau kendala nya apa!!! kalo kaya gini terus bisa2 konsumen Pos Indonesia bisa pindah ke ekspedisi lain!!!"
Yani kurnia Ramadani,"gaush kirim""pkaett dsniii,paket sayaa udh 4 hari ga sampe""pdhl isi nya makanan,saya juga udh mahal""bayar ongkirrrr,maless bngettt ama pihak sono nyaaa lelet"
Sarif Hidayat,aplikasi gajelas cek resi di web ada tapi di app gak ketemu APUS apk aja cuk ga fungi amat bikin apk
Cucup Supriatna,"masuk apk pos Indonesia karena penasaran paket tak kunjung datang,.pas di cek eh beneran gak sampai rumah tuh paket,gak tau nympe ke rumah siapa padahal sudah jelas nama sama alamat nya..di keterangan paket sudah sampai rumah tujuan dan di terima oleh w*nd* padahal di rumah atau pun tetangga gak ada nama yang w*nd*..di cek lagi di bukti penerimaan..photo nya pun gak ada.."
RozaYuta,"karna kantor cabang jauh, aku pilih kirim dokumen dengan fitur pick up(diambil oleh kurir), tapi lama bener dari pagi udah selesai bikin order, sampai jam 3 sore kurir belum datang juga, udah nengok depan rumah juga gak ada kurir Pos Indo satupun yang lewat atau nanya ke tetangga. jadinya mau kegiatan lain agak was-was, ntar ditinggal kurir Dateng, ditungguin gak dateng-dateng."
fahrul fauzi,"kirim paket pos same day purworejo-tangerang netto 3,5kg ongkir 119000k blm sampai"" busett lma bgt mna mknan basah yg di krm lgi hadeuhh"
Abu Bakar,"ngirim.paket sangat lambat terutama kurir, paket sdh pengantaran skalinya siangnya ket alamat tdak ditemukan terus di kirim balik 4 hari setelah itu. padahal udah 2x ngirim paket, yg pertama seminggu aja nyampe skalinya yg ke 2 hampir sebulan. kok gak ada penilaian ke kurir ya"
Rojikin Benoa,"saya coba pake pos aja, untuk ngecek paket pesenan saya, tapi pas udah masukin no resi nya kenapa nggk bisa ya, tapi pemberitahuan dari toko ijo udah sampe tempat"
Eva Wardani,"Paket lama diantar. Cek resi keterangan nya ""yang bersangkutan tidak ditempat"". Padahal tidak ada dihubungi apalagi datang ke rumah. Bukti foto kedatangan pun dikamuflase (foto desa lain). Tolong tingkatkan SDMnya."
jais Yanto,"masak 2 pengiriman gagal terus,alamat rumah gak ketemu,kala sama pengiriman yang muda2.padahal pos paling tua di negara konoha.sampai saya ambil di kantor pos cabangnya"
Zaky Bae,"kayaknya tidak membantu pengen tanya tentang paket untuk mempercepat pengiriman juga susah jalurnya kemana menghubungi halo pos jawabannya sama gitu gitu ajah apalagi kalau pengiriman gagal gak jelas paketnya kapan di kirim, keterangan tiap hari selalu paket dikirim ulang entah sampai kapan"
Yetiira Triwulan,"pengiriman lelet bget, harusnya klo paket dg isi makanan itu lebih cepat dibanding isi paket lainnya.dan harusnya dari awal transaksi tarifnya di bedakan dari paket yg lain,trs klo non tunai harusnya lebih cepat dong daripada cod. ini mah terbalik yg cod malah lebih cepat datangnya.😔tolong setiap petugas yg nganterin paketan dicantumkan nomer hp nya jadi kita sebagai penerima bisa memantau posisi si kurir."
Robert Mahendra,"banyak bug, belum optimal aplikasinya, please di test dulu apa perlu pake unit testing, salah satu bugnya mau cetak resi malah error invalid pdf structure."
Neneng Alawiyah,"kargo haji dari istri saya, semenjak pertama pengiriman smpe hari ini sudah 15 hari, tpi belum bisa d lacak keberadaannya, gimana coba, ayo laaah yg becus kalo kerja"
dwi rama,aplikasi bobrok sudah bayar dana buat pengiriman barang kurir tak datang pihak pos ya tak tau klu kita mau kirim barang ..
project sim,"GAK KURIR NYA, GAK CS NYA, SEMUA PARAH PERLAYANAN NYA, ANGKA RETUR TINGGI KARNA KINERJA KURIR SEENAKNYA SENDIRI, TIDAK ADA KONFIRMASI DAHULU KE PENERIMA, BAHKAN UANG COD SERING DI PAKAI DULU OLEH KURIR, PADAHAL PAKET SUDAH DI TERIMA. BUMN EMANG BIBROK!! MENDING SWASTA"
gemoy 00,pakai apk ini susah regist nya.. kode tidak valid mulu udah coba beberapa kali.. pdahal br pengen pake layanan nextday nyaa.. dh gitu lihat review disini kok mengecewakan yaa ? alasannya hampir sama semua karna lambat pengiriman & krg layanan yg jelas.
Putra Manado,"Biaya pengiriman sangat mahal dr aplikasi se jenis. estimasi pengiriman 4 hari tpi sdah 1 mnggu brang belum di antar, nnti ambil sendiri di drop poin. Pake Jnt di tujuan yg sama dr jnt byarannya 56rb tp pake pos aja biayanya 148rb. 😥😥😥😥😥"
Fransiskus Liliek,Ayo lah POS. Ini adalah BUMN besar dan legend. Aplikasi Pos aja terlalu sering error. Tunjukkan lah pos memiliki sdm yang memadai.
Muhamad Denda,"coba tolong di perbaiki dari sistemnya jasa ekspedisi paling tua harusnya paling maju malah bobrok.. paket dokument penting ga sampe sampe kerumah.. dengan alasan yg ""bersangkutan tidak berhasil di kirim yg bersangkutan tidak di kenal"" satu kampung kenal gua.. itu kurir ngirimnya kemana.. payah kalah sama ekspedisi lain"
IJR Pulsa,Pos itu pengiriman paling parah... pesan barang via online status resi nya nyampe tujuan diterima tapi barang blm nyampe di tangan saya.. entah barang nyasar ke mana cek status resi barangfo terima orang rmh gak ada yg nerima.. pos itu pengiriman terparah.
BER MANA,medan sunggal bodoh kali pekerja di sana salah salur di lion parcel juga sama pernah hilang juga di sana paket langganan ku kemaren uang COD di makan di tilep
HadeJaya Channel,"saya salah satu pedagang si Oren.. TOLONG Adain pembayaran COD nya juga dong . supaya saya kirim paketnya pokus ke POs saja, alias tidak nganah ngeneh. Terimakasih"
sulpan almualip,"sistemnya kurang canggih karna saya mengalai order pengiriman sudah bayar pake qr tpi karna kiril lambat ambi saya cencel tapi uang ongkir tidak lahi masuk pospay malah hilang entah kemana , lapor halo pos tidak ada hasil sama sekali , sangat mengecewakan"
Janex Shikamaru,"Paket saya nginap di Kantor pos tanjung priok ga jelas kapan dikirim... niatnya mau pake pos biar mendukung ekspedisi legenda satu ini ternyata emang mengecewakan, lebih jelas pake ekspedisi lain walaupun bayar lebih mahal.."
Konco Fams,"woi paket saya mau di bawah kemana masa dari alamat pengirim ke penerima jarak waktu 2 jaman, paket saya di bawah muter"" kagak jeles yang benar saya lah pos Indonesia"
Nabilah Nurul Fathimah,"tolong ya pos Indonesia, paket dokumen saya sampai 3 hari belum sampai ditujuan. padahal saya menggunakan layanan next day dari Semarang ke Jogjakarta. keburu orang yg ada ditujuan gak ada di tempat dan saya harus keluar biaya lagi untuk print dokumennya. kecewa banget sama pos indonesia, yg diharapin bisa bantu dengan cepat ternyata malah bikin rencana berantakan."
E L B A,"request pu gak diambil , paket pembatalan otomatis uang ga di refund balas oe 3 paket tercansel ongkir gak dikembalikan"
Sela Seli,"bukankah pos indonesia jasa pengiriman yang paling pertama muncul, yang seharusnya paling bagus, cobalah biar lebih menarik tampilkan posisi paket menggunakan peta, jangan cuma menggunakan kalimat, gak ada kelebihannya dari toko online."
wijay yantio,"katanya pengiriman 6-7 hari, tp sehabis lebaran kemaren kirim paket sampai 20 hari lebih,,sangat gila, sampe skrg ntah paket sudah sampai/blom jg gak jelas keberadaanya"
Wahyu Nugraha,"paket saya malah mentok kaga pernah gerak,di cek resi barang telah di proses dan siap antar Tapi kaga pernah Dateng heran"
Kujang Mas,"kiriman bandung ke bogor pake yg expres,di tracking alamat tidak di temukan,padahal alamat sudah jelas sampai kode pos,no penerima juga sudah di cantumkan,padahal sesimple itu,ini kejadian ke dua kali nya,ga worth it kalau terus seperti ini"
Akhmad Sifah,"BENERIN SISTEM PRIVASI, DATA PRIBADI BISA KESEBAR GITU AJA, LEWAT PAKET, PADAHAL PAKET KETERANGAN MASIH DI GUDANG, TAPI DATA UDAH KEMANA"" ANEH! UDAH GITU GADA TANGGUNG JAWAB PULA DATA BOCOR MALAH CUMA DIBILANG HATI"""
Wawan Kurniawan,paket ku mutar mutar kambing pake sala jalur kirim lagi dh jelas jelas alamat nya. gak beres nih padahal dah dekat baget bisa-bisanya lewat gitu aja
Sweetndut Beauty,"informasi nya gak jelas, setiap lacak paket tidak jelas pemberi tahuannya (DI PIKIRNYA NGIRIM PAKET GAK PAKE DUIT KALI YA)"
Risca Tezcatlipoca,"saya kirim paket ambil yg ekspress 1 hari sampe tp sampai sekarang paket tidak sampai... padahal laporan sudah ditunggu dan paling lambat jam 12 siang ini,,gimana dong ini .. pengiriman sangat lambat"
Suryadin Hatoguan,"saya nungguin kode verifikasi sampai berkali-kali ngga dikirim-kirim. Cek resi dialihkan ke website pos Indonesia, berkas dari samsat Temanggung untuk saya statusnya on delivery (dari jam 11-an siang), ditunggu sampai malam ngga datang2"
iin utamii,"ga gunaa,paket udh sampe ke kurir pangantar ke rumah kok blum nympe rumah blm dianter udh dikasih keterangan orang nggda dirumah!!!LOL bgt,lama sampee!!!!!"
VIVI KOMARIYAH,"pernah mau kirim pos express di aplikasi bisa sampai kantor pos katanya kode eror dan alamat tujuan tidak bisa express, ongkir tidak kembali tapi Alhamdulillah kurirnya mau mengembalikan barang ke tempat saya lagi."
Angkringan Jogja,plat merah mah sat set kalo kerja.. di laporin dari 2 bulan lalu nggak juga di kerja2in.. gimana mau majuin indonesia plat merah kayak gini.
Ariestya,"Kurir ny pemalas,barang tidak dikirim kirim dengan status tidak ada orang,mata lo gk ada orang,kurir tidak ada inisiatif nlpn atau wa..kurir ny"
2M 5Z,akhirnya uninstall karena 2x pakai malah lambat proses pengirimannya. kalau tanpa aplikasi malah 1 hari jg dah sampai. berharap bs di pick up ternyata ga bisa padahal jarak kantor pos terdekat hany 500m saja. tracking jg di alihin ke web. jd buat apa aplikasi ini ya? mending manual aja lah
kakang kanda,"no resi Barang yg udah dikirim, tapi pas di cek tidak terdata. gimana mau bersaing dengan jasa pengiriman yg lain"
Mentari Fajar,Proses refund tidak sefleksibel expedisi lain. .refund harus ke kantor pos terdekat . .kantor posnya pun harus yg pusatnya . Kalau yg cabang ga bisa proses
losreni jesly,"aplikasi yang sangat jelek.. setelah pickup barang berhari hari gak ada update nya sama sekali,, saya sangat menyesal instal aplikasi ini..👎 aplikasi sampah"
Amal Btg,"Pengalaman pertama yang sangat sangat sangat buruk... Paket dri sulsel ke balikpapan, tapi ke surabaya dulu kemudian ke banjarmasin lanjut ke balikpapan. Dikirm tanggal 31-01-2025 sampai skrg belum ada nyampe. Dan posisi barang masih di Surabaya. Paket gue di bawa muter2 dooooong. Gila gila gilaaaaaaaaaa"
Alhy 1989,"Sjk prtama sy pakai aplikasi pos aja klo gak salah tahun 2021-2024,pengecekn tarif lumayan sangat membantu,setelah d update awal tahun 2025,pengecekn tarif tidak bisa d gunakan lagi,sungguh updatetan yg terburuk buat saya"
Juan Coco,"Saran saya tutup aja pos ini, suda banyak yg paket tidak sampai, Yg saya bingung di banding yg lain hanya numpang di pos tp bisa tepat waktu klw terlambat selisi 2-3hari tp pos mungkin bisa berminggu2"
Khoirul Irul,"Untuk pengalaman pertama saya tahun 2023 sampai tahun 2024 aplikasi baik-baik saja bahkan saya sering pakai COD dengan aplikasi ini tapi sayang di awal tahun 2025 ini kekonsistenan tersebut hilang karena sistem COD hanya bisa diinput di webnya saja Sungguh sayang sangat disayangkan jikalau tidak di-upgrade dan bahkan saya sangat kesulitan untuk input di webnya karena sudah terbiasa di aplikasi pos aja ini, seandainya boleh diusulkan mohon untuk di-upgrade dan diperbaharui semaksimal mungkn"
Dede alwi Almusadad,"Sya udah bayar untuk pengiriman lewat pos aja, padahal udah bayar tapi ga bsa di kirm harus manual katanya, jadi bayar 2 x dan yang bayar di apliksi uangnya hangus."
ozay kucay,TOLONG BISA COD LAGI. INI RIBET KALAU HARUS PAKE WEB. TOLONG YA.. SEGERA DI PERBAIKI. SAYA TINGGAL KAN JNT UNTUK INPUT COD PAKAI POS AJA. TAPI KOK KAYAK GINI. TOLONG SEGERA PERBAIKI. JANGAN SAMPAI PENJUAL PELANGGAN2 POS KAYAK SAYA BERALIH KE JNT ATAU EKPEDISI LAIN.. YG SUDAH BAIK TOLONG DI TINGKATKAN. JANGAN MUNDUR. MINIMAL PERTAHAN KAN YG SUDAH BAIK.. SARAN LAGI. TOLONG DI ADAKAN FITUR CARI DAFTAR ALAMAT YG SUDAH TERSIMPAN. SAYA PENJUAL ONLIN KASTOMER SAYA RIBUAN.. BIAR CEPAT
Afrida Nurlaila,Paket saya lama sekali sampainya...masa kurirnya gak tau alamat padahal di paket ada alamat lengkap....keterangan mau di antar kemaren siang sampai sekarang blm sampai ke rumah
Villy Tene,"Saya kasih bintang 1. Karena Saya kirim barang ke nabire estimasi katanya 1 minggu sy kirm tgl 18 desember 2024 sampai sekarang belum sampai sudah tgl 20 januari 2025. Sudah 1 bulan belum sampai buruk sekali pengiriman lewat pos, hilang kepercayaan. Saya bayar bukang gratis . 👎"
Faridatul wulan,Terburuk aplikasi di hp saya datanya cod tapi paket ke pelanggan bisa jadi non cod katanya aplikasi eror parah sekali kalau pelanggan gak jujur hilang deh tuh uangnya
Nita Kesayangan,Sangat buruk sekali pos janga gunakan pos skrg untuk mengirim sebuah keperluan data2 karna pegawai pos skrg kayak asuu anjin najis babi
blak 183,Kecewa....paket kilat/expres tapi nyampenya kaya reguler 3 hari.... Dah di bilang isi STNK&BPKB yang mau di perpanjang karna tgl 4 pajak habis...
sandi hukom,pengiriman cepat. cuma pelayanan kurir kurang ramah. khusus nya di kota Ternate pelayanan kurir nya sangat-sangat tidak ramah. mohon di tingkatkan lagi pelayanan kurir nya 🙏 kurir nya masih minim etitudnya 🙏
JMD DYT,Setiap daftar minta kode padahal baru masuk tapi sudh g vatid sudh ulang - ulang tetep aja gak valid .
Punyae Cinta,"Pengalaman buruk saat pertama menggunakan aplikasi ini, ongkir yg keluar dibayar tapi setelah divalidasi Ongkir kurang. Akhirnya transaksi dibatalkan dan uang ongkirnya tidak kembali. Nilai ongkir tidak seberapa tapi kesan pertama yg luar biasa"
chokien TM2,"PELAYANAN TERBURUK NO CALL CENTRE, SUSAH DI HUBUNGI EMAIL, LAMA RESPON LIVE CHAT CS, TIDAK ADA KATA NYA BUMN.... BUSUK SEMUA ISI NYA"
Khoiron AlFardi,"Saya sudah kirim dari hari kamis pakai pos kilat tapi sampai 5 hari kemudian ngga sampai sampai,rugi,bayar lebih sampai nya terlambat"
Arbani 1970,Verifikasi tidak valid. Verifikasi tidak valid. Verifikasi tidak valid. Verifikasi tidak valid. Verifikasi tidak valid. Mau daftar kok repot bangetttttttttt ngapai kirom kode verifikasi yg gak valid.. mauk banarr
akhmad zakynaufal,"kocakkk pos indonesia kocakkk tau ga kocakkk pengirimann darii cimahii ke jawa timur surabaya aja 1 minggu lebih belum dateng, hadehh bikin kesel aja tidak memuaskan samsek."
Sri Hartati,"Pelayanan Pos sekarang tambah gak bagus, saya ambil pengiriman ekspres dari Manado ke Jakarta, sampe 4 hari barangnya belum tiba di tujuan, padahal paketnya berupa makanan 😔"
Candra Andika (GUDANG SPRAYGUN),APLIKASI KEBANYAKAN KENDALA. Bayar booking sistem virtual account selalu gagal. Mending pakai yang lain aja lah. Pakai PosAja cari masalah aja....
faisol cuap,Pengiraman paket sangat lambat. Bisa 5 -7 hari sampai. Padahal masih dalam 1 kota. Sangat disayangkan.sekelas kantor pos kalah jauh dengan ekspedisi lain baik dalam pelayanan maupun pengiriman
Wasyudis Saputra,udah bayar ongkir yang mahal tetep ajaa lelet pengirimannya lama sampenya resi gak bisa di lacak rugi bangett pake pos
zakirah aisyahh,"Krim paket dari tgl 5 November blm sampai juga udh komplen ke admin pos nya mlh gk ada respon parahhh sihhh sy udh bayar mahal sengaja pengen cpt sampai paket nya urgent,, yg sehari sampai ehhh smpe skrng entah kmna paketnya,,"
Citra,"Baru download & mau registrasi, tapi pas masukin kode verifikasi yg dikirim via WA kok gabisa terus ya, muncul alert dan dibilang kode verifikasi tidak valid. Beberapa kali begitu"
lanang ing jagat,"Aplikasi abal-abal, dia yg ngirim kode verifikasi, dia juga yg nolak..entah produk BUMN apa yg bisa dibanggakan..hadeuuhh parahh, mending ga usah buat aplikasi deh klo cuma jd sarang bug dan kelemahan."
Indra Hermawan,"saran gua JANGAN INSTAL & JANGAN PAKE JASA PosAja! Bikin kapok orang, paket gua di yg dikirim dari kab.bogor ke suatu daerah di Tapung Hulu Kampar Riau, yg katanya 5 sudah sampai, tapi nyatanya sampai 8 terhitung dari gua mengulas disini MASIH BELUM sampai padahal gua butuh banget paket berkas tersebut. KAPOK, POS MENGECEWAKAN!!!!!!!!😡😠🤬 👎👎👎"
Anis Ida rahayu,"Maaf kenapa barang saya dari malaysia belum sampai jg, sy paket dr bln april sampai skrg blm sampai Saya kirim 2 kotak paket dan itupun sehari barengan, knp yg sampai rumah cm 1 paket sj, mohon penjelasannya"
Dingki Permana,"pengalaman pertama yang buruk, aplikasi ngefreeze ketika mau pilih metode pembayaran ga bisa di klik apapun, aplikasi di close lalu masuk lagi lihat history orderan ga ada pilihan untuk mendapatkan nomor va pembayaran hanya ada pilihan lacak pengiriman,cancel order, cetak resi, gimana mau bayar ? saya tanyakan ke admin di twitter di suruh cek secara berkala, niat mau hemat waktu dan ga perlu ribet keluar rumah karena paket akan di jemput oleh kurir malah buang2 waktu."
bekx zexxy,"bajigan lambat banget udah muter² lagi paketnya, ditambah pengantaran yg harusnya hari ini malah toko tutup gajelas banget, ga rekomendasi banget guys mending pake Jnt,JNE dll"
Linan ps24,"Download PosAja! Biar mudah ga perlu buka web trnyata tetep sama ajaa klo mau liat detail pengirimaan harus terhubung ke web, udah gitu gagal terus kalo mauu ngecekk. TOLONGG DIPERBARUI LAGI Y"
Gegee,"Pengirimannya lama banget, padahal sekelas reguler tapi paket masih muter2 aja gak nyampe2, malah duluan nyampe jasa pengiriman yang lain padahal paket hemat. Sorry pelayanan anda kurang memuaskan klo bisa malah mending gak udah dirating ini mah"
Devy Roy Irawan,"Aplikasi ribet kurang simple/ ribet sekedar cek ongkir data lengkap, kurang efisien bagi kami pedagang online bila ditanya konsumen ..."
Arif Rahman Sayuti (Arif),Ada gak ya bintang minus 1... Pos adalah jasa kirim terburuk yg pernah saya pakai. Pengiriman jarak 90KM butuh waktu berhari-hari (5hari). Jauh lebih baik jasa ekspedisi lain
Khalid Said,Ini sudah ganti pin bolak balik gak bisa masuk. Ada apa ya? kok selalu aplikasi ini erorr. Jadi gak bisa saya pakai. Mau verfikasi pin baru juga lama sekali. Apa sistem ini masalah ya?
Velia id,Verif gagal mulu padahal sesuai mana bosa daftar klo ga bsa masukin kode sdh gnti no hp pula msh gagal..
Ghaniy Bekti kurniawan,Udah download daftar masukan no telfon udh dapat code verifikasi giliran masukan kode ko keteranganya kode tidak vailed haduh tolong di perbaiki
Rizki Mimbar,"jasa pengiriman nya terlalu mahal..masa pengiriman sesama Sulawesi ongkir nya Rp.98.000. padahal pengiriman dari Sulawesi tengah ke Sulawesi Utara. nomor kurir nya juga tidak di cantumkan di dalam detail pengiriman,malah kode kurir nya bukan nomor hp kayak di aplikasi sebelah."
pap dil,"Gara gara pak pos ini ni,PKH terlambat disalurkan,kenapa harus lewat pos,udah gitu ngambil nya juga harus di kantor,di jam sekian sekian ga bisa diwakilkan.."
Anoind Anoind,"Aplikasi ekspedisi paling terbadut di Indonesia, no telp kurir gak ada... Paket nyampe bukannya konfirmasi... G da orang di bawa lagi bukannya di taro di drop box.. Punya pemerintah tapi di isi manajemen KOLOT"
Samudra Cinta,Lama lama pos TDK aman untuk pengiriman barang.kuril nya suka lambat kerja paling aneh kuril Surabaya lambat pengantaran barang... bingung sy.padahal sya langganan kirim barang loh di pos sekecil apa pun tetap dari pos sakirim barang.ini barang sampai 5 hari di gudang belum di anter kan beda dengan pos Karawang hari Sabtu atou hari Minggu tetap di antar BRG kita..
PARMI PACITAN,"Enak sich pakai pos....pelayanan ramah cuma saya tidak suka kurirnya klo kirim barang main returt aja...pdhal ada no tlp juga udah di tunggu pelanggan....alasan pasti tidak menemukan alamat, lha terus gunanya no tlp buat apa...klo gk ketemu khan bisa di hubunggi"
Noparyanto Adysaputro,"POIN POS AJA TIDAK BISA DI KAPAI SAMPE POIN SAYA SUDAH 500LEBIH, TOLONG DI TIDAK LANJUTI APLIKASI DAN DI PERBARUI AGAR POINNYA BISA DI PAKAI.TKS"
Syarah Amirotul Khusna,gak jelas!!! masih banyak yg perlu di perbaiki. banyak sekali bug n eror nya ! terutama untuk kode verifikasi kenapa yg di berikan ke wa kita dengan yg kita bubuhkan ke kotak otp tidak singkron???
whyhdayt,Paket saya ga sampe sampe dari tanggal 1 keterangan alamat belom di temukan tapi di sampe hari ini ga di antar ulang dan saya tanya tidak ada respon
Destya Arfarani Hendrajaya,"mau bayar ga bisa bisa. tapi di riwayat udah masuk orderannya dan di notif mau bayar ga ada nomer order. aplikasi paling ga jelas, minus banget."
dion wiyokoh,Sangat kecewa barang dah sampai di sortir 2 hari belum di antar setelah saya cek malah salah salur kiriman jadi nyesel pake jasa kirim pos
Riski Adil,Masih banyak bug dan error nya. Petugas dilapangan sepertinya tidak di briefing cara penggunaan dan alur kerja dari Aplikasi sehingga user yang direpotkan. Sekelas Aplikasi BUMN tapi hasilnya jauh dari kata efektif. Sangat disayangkan karena kesalahan/bug aplikasi dan kurangnya pelatihan petugas seakan akan malah user yang disalahkan. Kalau ada nilai minus maka akan saya kasih nilai minus ⭐️ 5
Hendra Setiawan,Si kurir kantor pos buat laporan Paket saya sudah di kirim dan saya sendiri penerimaan nya.. Padahal sampai malam ini gak ada terima paket saya.. Tolong mana bukti pengirimannya?? Dan saya tanyakan sama keluarga saya tidak ada terima paket dari kantor pos???
Mariyeh,"Siapapun tolong jangan instal App tidak berguna ini, sebab kamu hanya akan buang2 kuota dan waktu. Meski kamu install akan percuma Sistem loginnya ribet dan tidak akan berhasil. Belum juga login sudah minta perbaharui, dan pemulihan akun. Ini APP yang tidak paling berguna yang saya punya. Padahal mau cek resi paket yang sudah lama ga ada kabarnya"
_MAZBROW OFFICIAL,"Baru x ini pakek PosAja, paket gak jelas sudah sampe mana. Dan harga nya gak jauh beda per Kg nya Sama j&t. Saran saya pakek yang lain saja kalau mau kirim paket atau apa itu. Pelayanan lemot"
Firdaus Dharma22,"sistem update nya lama udah gitu eror, pengembalian dananya jga lama banget, kurang bagus buat di pake online apk nya"
ika prawira,Knp ya skrg resi Pos saya tdk bs d cek Dan aplikasi pos juga g menerima no otpx stlh d masukkan???
Fauziyah Kamilah,Kecewa bnget sama. Pihak. Pos daerah depok. Sukmajaya. Gak. Tau. Kurirnya gak. Tau. Siapa. Yg. Salah barang udh. Nyampe. Dri. Selasa skrng. Hri. Jumat. Uang. Tfan. Nya. Blm. Masuk juga
